detection_index,mttd_frames,mttd_hours,detection_rate_%,quarter
-1,7,inf,14.285714285714285,Q2
14,14,66.00027777777778,25.615763546798032,Q4
