model,quarter,ROC_AUC,Avg_Precision,Best_F1,F1@95pct,Precision@95pct,Recall@95pct,FPR@95pct,Detection_Rate_%,MTTD_Frames,MTTD_Hours,Drift_%,Cohens_d,Mann_Whitney_p,Threshold_95pct
ConvAE,Q4,0.8913793103448275,0.9697571411263124,0.9550827423162855,0.4870848708483289,0.9705882352941034,0.325123152709358,0.04999999999999875,32.5123152709358,15,72.0,176.5,1.18,5.28497785066517e-15,0.009629
VAE,Q4,0.3240147783251231,0.7575932732762007,0.9103139013447955,0.03827751196166636,0.6666666666665555,0.01970443349753685,0.04999999999999875,1.9704433497536848,203,inf,-22.27,-0.662,0.0004387817654152055,0.173855
ResAttnAE,Q4,0.8721674876847291,0.9594567985274215,0.9560975609751098,0.3534136546181698,0.9565217391304139,0.21674876847290533,0.04999999999999875,21.674876847290534,17,78.0,147.43,1.024,1.0376756728427887e-13,0.011124
MemAE,Q4,0.5578817733990148,0.8682677968072616,0.9160997732421334,0.23275862068943437,0.9310344827585887,0.13300492610837372,0.04999999999999875,13.300492610837372,48,228.0,21.08,0.285,0.24790387189507523,0.017382
