model,quarter,ROC_AUC,Avg_Precision,Best_F1,F1@95pct,Precision@95pct,Recall@95pct,FPR@95pct,Detection_Rate_%,MTTD_Frames,MTTD_Hours,Drift_%,Cohens_d,Mann_Whitney_p,Threshold_95pct
ConvAE,Q2,0.6892857142857143,0.35300711193568335,0.5714285714280714,0.3636363636358347,0.499999999999875,0.2857142857142449,0.04999999999999875,28.57142857142449,7,inf,66.8,0.874,0.11831087059953842,0.009629
ConvAE,Q4,0.8913793103448275,0.9697571411263124,0.9550827423162855,0.4870848708483289,0.9705882352941034,0.325123152709358,0.04999999999999875,32.5123152709358,15,72.0,176.5,1.18,5.28497785066517e-15,0.009629
VAE,Q2,0.48928571428571427,0.26014845244922796,0.42857142857092856,0.19999999999954002,0.33333333333322224,0.14285714285712245,0.04999999999999875,14.285714285712245,7,inf,-3.48,-0.088,0.9417729095628647,0.173842
VAE,Q4,0.32401477832512315,0.7574926572244827,0.9103139013447955,0.03827751196166636,0.6666666666665555,0.01970443349753685,0.04999999999999875,1.9704433497536848,203,inf,-22.28,-0.662,0.0004387817654152055,0.173842
ResAttnAE,Q2,0.675,0.33227471150403476,0.5333333333328355,0.19999999999954002,0.33333333333322224,0.14285714285712245,0.04999999999999875,14.285714285712245,7,inf,61.99,0.697,0.150188915039217,0.011124
ResAttnAE,Q4,0.8721674876847291,0.9594567985274215,0.9560975609751098,0.3534136546181698,0.9565217391304139,0.21674876847290533,0.04999999999999875,21.674876847290534,17,78.0,147.43,1.024,1.0376756728427887e-13,0.011124
MemAE,Q2,0.4464285714285714,0.2886541734382266,0.2857142857137857,0.19999999999954002,0.33333333333322224,0.14285714285712245,0.04999999999999875,14.285714285712245,7,inf,2.52,0.036,0.6714282322957512,0.017382
MemAE,Q4,0.5578817733990148,0.8682677968072616,0.9160997732421334,0.23275862068943437,0.9310344827585887,0.13300492610837372,0.04999999999999875,13.300492610837372,48,228.0,21.08,0.285,0.24790387189507523,0.017382
