model_quarter,TPR_mean,TPR_ci,FPR_mean,FPR_ci,F1_mean,F1_ci,AUC_mean,AUC_ci,drift_pct_mean,drift_pct_ci
ConvAE_Q2,0.29714285714281463,"[0.000, 0.857]",0.03789999999999905,"[0.000, 0.050]",0.3287371073367632,"[0.000, 0.800]",0.6905285714285715,"[0.436, 0.914]",69.01826,"[0.078, 150.228]"
ConvAE_Q4,0.4045073891625596,"[0.227, 0.778]",0.038099999999999044,"[0.000, 0.050]",0.5584377989447401,"[0.369, 0.871]",0.8921612068965517,"[0.824, 0.951]",179.88814,"[125.117, 245.365]"
VAE_Q2,0.1879999999999731,"[0.000, 0.571]",0.03724999999999906,"[0.000, 0.050]",0.23747173937140467,"[0.000, 0.667]",0.4944571428571428,"[0.211, 0.814]",-2.622428,"[-34.635, 34.221]"
VAE_Q4,0.02838423645320183,"[0.000, 0.084]",0.038499999999999035,"[0.000, 0.050]",0.053774867425205534,"[0.000, 0.154]",0.3238300492610837,"[0.224, 0.430]",-21.960386,"[-31.508, -10.216]"
ResAttnAE_Q2,0.22085714285711128,"[0.000, 0.714]",0.036949999999999074,"[0.000, 0.050]",0.2639996031742702,"[0.000, 0.769]",0.6713571428571429,"[0.446, 0.886]",62.97874,"[-7.860, 153.873]"
ResAttnAE_Q4,0.3078374384236438,"[0.123, 0.749]",0.03722499999999907,"[0.000, 0.050]",0.4431528437115205,"[0.217, 0.852]",0.8716807881773398,"[0.781, 0.944]",151.12767,"[89.129, 227.499]"
MemAE_Q2,0.1579999999999774,"[0.000, 0.429]",0.036449999999999094,"[0.000, 0.050]",0.2154722388719132,"[0.000, 0.545]",0.45027142857142854,"[0.193, 0.739]",4.2916307,"[-49.289, 73.797]"
MemAE_Q4,0.13864039408866927,"[0.074, 0.212]",0.037549999999999056,"[0.000, 0.050]",0.24030807369206833,"[0.138, 0.348]",0.5593894088669952,"[0.455, 0.658]",22.091328,"[0.028, 47.222]"
